"id","average_wind_speed","gust_wind_speed","wind_direction","rainfall","temperature","humidity","light","uvi","station_name","timestamp"
289,0,0,71,36,21,30,39,0,b4,2022-02-14 13:43:33.20922+01
290,0,0,71,36,21,30,39,0,b4,2022-02-14 13:49:09.214998+01
291,0,0,71,36,21,30,39,0,b4,2022-02-14 13:49:25.17005+01
292,0,0,3,36,21,30,109,5,b0,2022-02-14 13:52:05.232047+01
293,0,0,24,72,21,30,21,0,b4,2022-02-14 13:54:29.226516+01
294,0,0,236,126,21,31,18,0,b0,2022-02-14 13:56:21.23808+01
295,0,0,37,126,21,31,14,0,b4,2022-02-14 13:56:53.237046+01
296,0,0,95,126,21,31,23,0,b4,2022-02-14 14:01:09.243396+01
297,0,0,7,27,21,30,41,0,b4,2022-02-14 14:08:37.263121+01
298,7,10,20,108,21,30,128,7,b4,2022-02-14 14:16:53.730862+01
299,7,10,92,42,21,31,121,6,b4,2022-02-14 14:25:57.412222+01
300,7,10,78,117,21,31,120,4,b4,2022-02-14 14:27:33.399313+01
301,9,10,98,207,21,31,118,7,b4,2022-02-14 14:28:53.255342+01
302,1,7,99,177,21,31,117,6,b4,2022-02-14 14:34:45.313513+01
303,2,3,97,252,21,31,122,2,b4,2022-02-14 14:39:49.324176+01
304,1,3,92,252,21,31,119,6,b4,2022-02-14 14:43:33.333789+01
305,20,23,71,252,21,31,105,6,b4,2022-02-14 14:46:29.346739+01
306,0,0,84,9,21,31,0,0,bc,2022-02-14 14:52:53.354531+01
307,0,0,83,9,20,31,0,0,bc,2022-02-14 14:56:05.461674+01
308,13,13,62,78,21,32,96,0,b0,2022-02-14 15:06:13.383956+01
309,0,0,241,0,21,32,5,0,b0,2022-02-14 15:38:15.330366+01
310,0,0,241,0,21,31,5,0,b0,2022-02-14 15:42:15.176459+01
311,0,0,241,0,21,31,4,0,b0,2022-02-14 15:44:23.220873+01
312,0,0,241,0,21,32,4,0,b0,2022-02-14 15:48:39.225927+01
313,0,0,241,0,21,31,3,0,b0,2022-02-14 15:51:35.23923+01
314,0,0,241,0,21,30,3,0,b0,2022-02-14 15:55:19.207028+01
315,0,0,241,0,21,31,3,0,b0,2022-02-14 15:59:03.24762+01
316,0,0,241,0,21,32,3,0,b0,2022-02-14 16:03:51.261174+01
317,0,0,241,0,21,32,3,0,b0,2022-02-14 16:04:39.267779+01
318,21,26,24,0,21,33,2,0,b0,2022-02-14 16:12:07.287248+01
319,12,17,25,0,21,32,2,0,b0,2022-02-14 16:32:39.328469+01
320,0,0,61,0,21,31,1,0,b4,2022-02-14 17:07:51.504479+01
321,0,0,60,0,21,31,0,0,b4,2022-02-14 17:11:03.373463+01
322,0,0,61,0,21,31,1,0,b4,2022-02-14 17:14:00.480694+01
323,0,0,61,0,21,31,0,0,b4,2022-02-14 17:14:47.369121+01
324,0,0,60,0,21,31,1,0,b4,2022-02-14 17:15:35.472717+01
325,0,0,1,0,21,31,0,0,b4,2022-02-14 19:30:31.72083+01
326,0,0,1,0,21,30,0,0,b4,2022-02-14 20:02:31.886572+01
327,0,0,1,0,21,30,0,0,b4,2022-02-14 20:02:47.78823+01
328,0,0,1,0,21,30,0,0,b4,2022-02-14 20:23:36.630744+01
329,0,0,1,0,20,32,0,0,b4,2022-02-15 00:27:52.373162+01
330,0,0,1,0,20,32,0,0,b4,2022-02-15 00:54:16.514233+01
331,0,0,1,0,20,32,0,0,b4,2022-02-15 00:56:08.421404+01
332,0,0,1,0,20,32,0,0,b4,2022-02-15 02:02:00.569959+01
333,28,58,241,304,98,18,254,61,fb,2022-02-15 03:18:29.766682+01
334,0,0,1,0,20,32,0,0,b4,2022-02-15 03:50:00.774012+01
335,0,0,1,0,20,32,0,0,b4,2022-02-15 03:55:36.776697+01
336,0,0,1,0,20,31,0,0,b4,2022-02-15 06:03:37.097056+01
337,0,0,1,0,20,31,0,0,b4,2022-02-15 06:19:53.133467+01
338,0,0,1,0,20,31,0,0,b4,2022-02-15 06:52:09.21068+01
339,0,0,1,0,20,31,0,0,b4,2022-02-15 07:15:05.268656+01
340,0,0,1,0,20,31,0,0,b4,2022-02-15 07:21:29.270154+01
341,0,0,1,0,20,31,176,1,b4,2022-02-15 07:31:37.294654+01
342,0,0,1,0,20,30,142,6,b4,2022-02-15 08:07:37.472293+01
343,0,0,1,0,20,30,6,0,b4,2022-02-15 08:15:53.390356+01
344,7,10,28,0,20,30,11,0,b0,2022-02-15 08:43:37.515674+01
345,0,3,22,0,20,30,12,0,b0,2022-02-15 08:51:37.465524+01
346,0,0,38,0,20,31,15,0,b0,2022-02-15 08:56:09.461716+01
347,0,3,35,0,20,31,17,0,b0,2022-02-15 08:57:45.439417+01
348,0,3,26,0,20,31,22,0,b0,2022-02-15 09:04:25.470905+01
349,0,3,28,0,20,31,20,0,b0,2022-02-15 09:10:49.514377+01
350,4,10,34,0,21,31,18,0,b0,2022-02-15 09:16:57.528739+01
351,0,3,38,0,21,31,19,0,b0,2022-02-15 09:22:17.498202+01
352,0,3,29,0,20,31,22,0,b0,2022-02-15 09:23:53.491484+01
353,0,0,29,0,21,31,20,0,b0,2022-02-15 09:28:57.726711+01
354,0,0,30,0,21,32,18,0,b0,2022-02-15 09:30:49.559363+01
355,0,0,29,0,21,31,20,0,b0,2022-02-15 09:33:13.669602+01
356,0,0,29,0,21,31,19,0,b0,2022-02-15 09:36:57.522587+01
357,0,0,29,0,21,31,19,0,b0,2022-02-15 09:39:53.578742+01
358,0,0,209,0,21,31,23,0,b0,2022-02-15 10:00:09.870023+01
359,0,0,209,0,21,31,24,0,b0,2022-02-15 10:03:05.622139+01
360,0,0,209,0,20,31,26,0,b0,2022-02-15 10:16:25.653247+01
361,0,0,209,0,21,32,26,0,b0,2022-02-15 10:25:13.678565+01
362,0,0,209,0,20,32,24,0,b0,2022-02-15 10:32:41.697122+01
363,0,0,209,0,20,32,26,0,b0,2022-02-15 10:46:33.712602+01
364,0,0,209,0,20,32,27,0,b0,2022-02-15 10:48:41.821884+01
365,0,0,209,0,20,32,28,0,b0,2022-02-15 10:50:17.730163+01
366,0,0,209,0,20,32,28,0,b0,2022-02-15 10:52:57.731165+01
367,0,0,107,3,21,31,21,0,b0,2022-02-15 14:21:14.963738+01
368,0,0,107,3,21,31,21,0,b0,2022-02-15 14:21:46.177489+01
369,0,0,221,3,21,30,19,0,b0,2022-02-15 14:31:38.202512+01
370,0,0,92,3,21,30,228,5,b4,2022-02-15 14:38:02.325443+01
371,0,0,89,3,21,30,228,3,b4,2022-02-15 14:43:54.238966+01
372,0,0,90,3,21,30,227,1,b4,2022-02-15 14:47:51.017379+01
373,0,0,8,3,21,30,217,4,b0,2022-02-15 14:49:46.289127+01
374,0,0,8,3,21,29,222,3,b0,2022-02-15 14:57:30.249819+01
375,0,0,8,3,21,29,225,0,b0,2022-02-15 15:15:09.123288+01
376,0,0,4,3,21,29,227,9,b0,2022-02-15 15:20:59.406608+01
377,0,0,5,3,21,29,228,5,b0,2022-02-15 15:23:54.330416+01
378,0,0,5,3,21,28,229,0,b0,2022-02-15 15:26:34.439867+01
379,0,0,5,3,21,28,229,8,b0,2022-02-15 15:27:57.32628+01
380,0,0,6,3,21,28,225,6,b0,2022-02-15 15:35:22.427388+01
381,0,0,116,3,21,27,225,7,b0,2022-02-15 15:38:02.470612+01
382,0,0,116,3,21,27,224,5,b0,2022-02-15 15:39:54.310244+01
383,0,0,116,3,21,27,224,5,b0,2022-02-15 15:40:26.368557+01
384,0,0,116,3,21,27,223,5,b0,2022-02-15 15:44:10.418884+01
385,0,0,116,3,21,27,221,4,b0,2022-02-15 15:51:54.388627+01
386,0,0,116,3,21,26,221,4,b0,2022-02-15 15:55:38.387344+01
387,0,0,116,3,21,26,220,4,b0,2022-02-15 15:58:18.356664+01
388,0,0,116,3,21,26,219,5,b0,2022-02-15 16:03:06.406348+01
389,0,0,116,3,21,26,219,2,b0,2022-02-15 16:04:42.409824+01
390,0,0,116,3,21,26,219,5,b0,2022-02-15 16:09:46.420688+01
391,0,0,116,3,21,25,217,4,b0,2022-02-15 16:15:25.624013+01
392,0,0,116,3,21,25,217,4,b0,2022-02-15 16:16:26.395999+01
393,0,0,116,3,21,25,216,3,b0,2022-02-15 16:18:34.623984+01
394,0,0,116,3,21,25,215,5,b0,2022-02-15 16:20:58.56853+01
395,0,0,116,3,20,25,213,4,b0,2022-02-15 16:24:42.46137+01
396,0,0,116,3,20,25,213,5,b0,2022-02-15 16:26:02.474167+01
397,0,0,116,3,20,25,212,6,b0,2022-02-15 16:29:46.469128+01
398,0,0,116,3,20,25,208,7,b0,2022-02-15 16:41:46.507638+01
399,0,0,102,3,20,25,2,0,b0,2022-02-15 16:46:02.457128+01
400,0,0,102,3,20,25,2,0,b0,2022-02-15 16:46:18.500067+01
401,0,0,102,3,20,25,2,0,b0,2022-02-15 16:48:26.49853+01
402,0,0,102,3,20,25,2,0,b0,2022-02-15 16:48:42.47204+01
403,0,0,102,3,20,25,2,0,b0,2022-02-15 16:48:58.497434+01
404,0,0,102,3,20,25,1,0,b0,2022-02-15 16:52:10.618591+01
405,0,0,102,3,20,25,0,0,b0,2022-02-15 17:00:42.538339+01
406,0,0,103,3,20,24,0,0,b0,2022-02-15 17:12:42.560634+01
407,0,0,102,3,20,24,0,0,b0,2022-02-15 17:14:02.618056+01
408,0,0,102,3,20,24,0,0,b0,2022-02-15 17:19:54.53584+01
409,0,0,102,3,20,24,0,0,b0,2022-02-15 17:23:54.579426+01
410,0,0,103,3,20,24,0,0,b0,2022-02-15 17:29:46.683005+01
411,0,0,102,3,20,24,0,0,b0,2022-02-15 17:34:34.60947+01
412,0,0,102,3,20,24,0,0,b0,2022-02-15 17:38:18.718058+01
413,0,0,102,3,20,24,0,0,b0,2022-02-15 17:42:18.620295+01
414,0,0,103,3,20,24,0,0,b0,2022-02-15 17:47:38.624573+01
415,0,0,102,3,20,24,0,0,b0,2022-02-15 17:49:46.64087+01
416,0,0,102,3,20,24,0,0,b0,2022-02-15 17:51:06.635694+01
417,0,0,102,3,20,24,0,0,b0,2022-02-15 18:02:02.634595+01
418,0,0,102,3,20,24,0,0,b0,2022-02-15 18:02:50.645819+01
419,0,0,102,3,20,24,0,0,b0,2022-02-15 18:09:14.655967+01
420,0,0,103,3,20,24,0,0,b0,2022-02-15 18:18:02.688183+01
421,0,0,103,3,20,24,0,0,b0,2022-02-15 18:18:18.671065+01
422,0,0,102,3,20,24,0,0,b0,2022-02-15 18:18:50.805079+01
423,0,0,102,3,20,24,0,0,b0,2022-02-15 18:22:18.808038+01
424,0,0,102,3,20,24,0,0,b0,2022-02-15 18:24:58.675679+01
425,0,0,102,3,20,24,0,0,b0,2022-02-15 18:26:34.716279+01
426,0,0,103,3,20,24,0,0,b0,2022-02-15 18:28:26.694784+01
427,0,0,102,3,20,24,0,0,b0,2022-02-15 18:28:58.721033+01
428,0,0,102,3,20,24,0,0,b0,2022-02-15 18:33:14.736696+01
429,0,0,102,3,20,24,0,0,b0,2022-02-15 18:35:06.736647+01
430,0,0,102,3,20,24,0,0,b0,2022-02-15 18:37:30.742751+01
431,0,0,102,3,20,24,0,0,b0,2022-02-15 18:40:58.839534+01
432,0,0,103,3,20,24,0,0,b0,2022-02-15 18:42:34.80916+01
433,0,0,102,3,20,24,0,0,b0,2022-02-15 18:44:10.756981+01
434,0,0,102,3,20,24,0,0,b0,2022-02-15 18:44:42.751136+01
435,0,0,102,3,20,25,0,0,b0,2022-02-15 19:01:14.805323+01
436,0,0,102,3,20,25,0,0,b0,2022-02-15 19:06:50.811147+01
437,0,0,102,3,20,25,0,0,b0,2022-02-15 19:08:42.906208+01
438,0,0,102,3,20,25,0,0,b0,2022-02-15 19:11:06.817376+01
439,0,0,102,3,20,25,0,0,b0,2022-02-15 19:13:46.818736+01
440,0,0,102,3,20,25,0,0,b0,2022-02-15 19:15:54.827889+01
441,0,0,102,3,20,25,0,0,b0,2022-02-15 19:16:42.827757+01
442,0,0,102,3,20,25,0,0,b0,2022-02-15 19:18:18.824819+01
443,0,0,102,3,20,25,0,0,b0,2022-02-15 19:31:22.848953+01
444,0,0,102,3,20,25,0,0,b0,2022-02-15 19:32:10.825873+01
445,0,0,102,3,20,25,0,0,b0,2022-02-15 19:42:34.86898+01
446,0,0,102,3,20,25,0,0,b0,2022-02-15 19:44:10.862142+01
447,0,0,103,3,20,25,0,0,b0,2022-02-15 19:49:30.876343+01
448,0,0,102,3,20,25,0,0,b0,2022-02-15 19:52:26.879755+01
449,0,0,102,3,20,25,0,0,b0,2022-02-15 19:52:42.966432+01
450,0,0,102,3,20,25,0,0,b0,2022-02-15 19:55:06.903967+01
451,0,0,102,3,20,25,0,0,b0,2022-02-15 19:56:58.880619+01
452,0,0,103,3,20,25,0,0,b0,2022-02-15 20:02:34.889527+01
453,0,0,102,3,20,25,0,0,b0,2022-02-15 20:11:39.053872+01
454,0,0,102,3,20,25,0,0,b0,2022-02-15 20:21:14.973214+01
455,0,0,102,3,20,25,0,0,b0,2022-02-15 20:22:35.061689+01
456,0,0,102,3,20,25,0,0,b0,2022-02-15 20:23:06.968599+01
457,0,0,102,3,20,25,0,0,b0,2022-02-15 20:23:22.980128+01
458,0,0,102,3,20,25,0,0,b0,2022-02-15 20:34:35.088671+01
459,0,0,103,3,20,25,0,0,b0,2022-02-15 20:38:51.006742+01
460,0,0,102,3,20,25,0,0,b0,2022-02-15 20:44:42.988896+01
461,0,0,102,3,20,25,0,0,b0,2022-02-15 20:45:15.029193+01
462,0,0,102,3,20,25,0,0,b0,2022-02-15 20:54:51.046622+01
463,0,0,102,3,20,25,0,0,b0,2022-02-15 20:57:15.046477+01
464,0,0,102,3,20,25,0,0,b0,2022-02-15 20:59:07.052965+01
465,0,0,102,3,20,25,0,0,b0,2022-02-15 20:59:39.071051+01
466,0,0,102,3,20,25,0,0,b0,2022-02-15 21:01:31.063518+01
467,0,0,102,3,20,25,0,0,b0,2022-02-15 21:08:59.085666+01
468,0,0,102,3,20,25,0,0,b0,2022-02-15 21:23:07.114442+01
469,0,0,102,3,20,25,0,0,b0,2022-02-15 21:31:55.122714+01
470,0,0,102,3,20,25,0,0,b0,2022-02-15 21:32:27.110941+01
471,0,0,102,3,20,26,0,0,b0,2022-02-15 21:44:11.161702+01
472,0,0,102,3,20,26,0,0,b0,2022-02-15 21:46:03.156075+01
473,0,0,102,3,20,26,0,0,b0,2022-02-15 21:47:39.157579+01
474,0,0,102,3,20,26,0,0,b0,2022-02-15 21:58:03.173142+01
475,0,0,102,3,20,26,0,0,b0,2022-02-15 22:12:11.220223+01
476,0,0,102,3,20,26,0,0,b0,2022-02-15 22:13:15.220352+01
477,0,0,103,3,20,26,0,0,b0,2022-02-15 22:14:19.227009+01
478,0,0,102,3,20,26,0,0,b0,2022-02-15 22:16:27.336103+01
479,0,0,102,3,20,26,0,0,b0,2022-02-15 22:18:03.227354+01
480,0,0,102,3,20,26,0,0,b0,2022-02-15 22:23:55.240426+01
481,0,0,102,3,20,26,0,0,b0,2022-02-15 22:24:11.348451+01
482,0,0,102,3,20,26,0,0,b0,2022-02-15 22:25:47.259212+01
483,0,0,102,3,20,26,0,0,b0,2022-02-15 22:29:31.262554+01
484,0,0,102,3,20,26,0,0,b0,2022-02-15 22:31:55.261753+01
485,0,0,102,3,20,26,0,0,b0,2022-02-15 22:37:15.235332+01
486,0,0,102,3,20,26,0,0,b0,2022-02-15 22:40:27.384181+01
487,0,0,102,3,20,26,0,0,b0,2022-02-15 22:46:19.292458+01
488,0,0,102,3,20,26,0,0,b0,2022-02-15 22:52:59.313036+01
489,0,0,102,3,20,26,0,0,b0,2022-02-15 22:54:19.306683+01
490,0,0,103,3,20,26,0,0,b0,2022-02-15 23:03:07.327111+01
491,0,0,102,3,20,26,0,0,b0,2022-02-15 23:07:55.342802+01
492,0,0,102,3,20,26,0,0,b0,2022-02-15 23:12:43.359915+01
493,0,0,102,3,20,26,0,0,b0,2022-02-15 23:15:23.45811+01
494,0,0,102,3,20,26,0,0,b0,2022-02-15 23:16:43.309275+01
495,0,0,102,3,20,26,0,0,b0,2022-02-15 23:18:51.362789+01
496,0,0,102,3,20,26,0,0,b0,2022-02-15 23:27:55.345656+01
497,0,0,103,3,20,26,0,0,b0,2022-02-15 23:28:27.394466+01
498,0,0,102,3,20,26,0,0,b0,2022-02-15 23:30:19.488423+01
499,0,0,102,3,20,26,0,0,b0,2022-02-15 23:30:51.391566+01
500,0,0,102,3,20,26,0,0,b0,2022-02-15 23:32:11.500442+01
501,0,0,102,3,20,26,0,0,b0,2022-02-15 23:36:27.514498+01
502,0,0,102,3,20,26,0,0,b0,2022-02-15 23:39:23.407265+01
503,0,0,102,3,20,26,0,0,b0,2022-02-15 23:39:39.402188+01
504,0,0,102,3,20,26,0,0,b0,2022-02-15 23:40:11.515422+01
505,0,0,103,3,20,26,0,0,b0,2022-02-15 23:41:15.511183+01
506,0,0,102,3,20,26,0,0,b0,2022-02-15 23:41:47.416024+01
507,0,0,102,3,20,26,0,0,b0,2022-02-15 23:42:03.505294+01
508,0,0,102,3,20,26,0,0,b0,2022-02-15 23:48:11.430565+01
509,0,0,102,3,20,26,0,0,b0,2022-02-16 00:07:39.464608+01
510,0,0,102,3,20,26,0,0,b0,2022-02-16 00:09:47.474115+01
511,0,0,102,3,20,26,0,0,b0,2022-02-16 00:11:23.431085+01
512,0,0,102,3,20,26,0,0,b0,2022-02-16 00:14:35.585296+01
513,0,0,102,3,20,26,0,0,b0,2022-02-16 00:15:23.498175+01
514,0,0,102,3,20,26,0,0,b0,2022-02-16 00:18:35.486819+01
515,0,0,102,3,20,27,0,0,b0,2022-02-16 00:23:23.608423+01
516,0,0,102,3,20,26,0,0,b0,2022-02-16 00:39:23.513718+01
517,0,0,102,3,20,27,0,0,b0,2022-02-16 00:46:35.627623+01
518,0,0,102,3,20,27,0,0,b0,2022-02-16 00:50:03.567997+01
519,0,0,102,3,20,27,0,0,b0,2022-02-16 00:55:39.670689+01
520,0,0,102,3,20,27,0,0,b0,2022-02-16 00:56:27.536368+01
521,0,0,102,3,20,26,0,0,b0,2022-02-16 01:03:39.610672+01
522,0,0,102,3,20,26,0,0,b0,2022-02-16 01:11:55.627085+01
523,0,0,102,3,20,26,0,0,b0,2022-02-16 01:13:31.56817+01
524,0,0,102,3,20,26,0,0,b0,2022-02-16 01:19:55.629548+01
525,0,0,102,3,20,26,0,0,b0,2022-02-16 01:21:15.636885+01
526,0,0,102,3,20,26,0,0,b0,2022-02-16 01:23:39.748359+01
527,0,0,102,3,20,26,0,0,b0,2022-02-16 01:26:51.645488+01
528,0,0,102,3,20,26,0,0,b0,2022-02-16 01:30:19.659567+01
529,0,0,102,3,20,26,0,0,b0,2022-02-16 01:32:11.758332+01
530,0,0,102,3,20,26,0,0,b0,2022-02-16 01:37:31.664043+01
531,0,0,102,3,20,26,0,0,b0,2022-02-16 01:38:19.674874+01
532,0,0,102,3,20,26,0,0,b0,2022-02-16 01:41:15.631227+01
533,0,0,102,3,20,26,0,0,b0,2022-02-16 01:44:11.738773+01
534,0,0,103,3,20,26,0,0,b0,2022-02-16 01:46:19.797431+01
535,0,0,102,3,20,26,0,0,b0,2022-02-16 01:53:47.711024+01
536,0,0,102,3,20,26,0,0,b0,2022-02-16 01:54:19.806919+01
537,0,0,102,3,20,26,0,0,b0,2022-02-16 02:07:39.728357+01
538,0,0,102,3,20,26,0,0,b0,2022-02-16 02:10:19.746578+01
539,0,0,102,3,20,26,0,0,b0,2022-02-16 02:12:11.799229+01
540,0,0,102,3,20,26,0,0,b0,2022-02-16 02:27:07.861451+01
541,0,0,102,3,20,26,0,0,b0,2022-02-16 02:27:23.85757+01
542,0,0,102,3,20,26,0,0,b0,2022-02-16 02:27:55.736062+01
543,0,0,102,3,20,26,0,0,b0,2022-02-16 02:34:35.77978+01
544,0,0,102,3,20,26,0,0,b0,2022-02-16 02:35:07.805726+01
545,0,0,102,3,20,26,0,0,b0,2022-02-16 02:35:55.788417+01
546,0,0,102,3,20,26,0,0,b0,2022-02-16 02:36:59.799794+01
547,0,0,102,3,20,26,0,0,b0,2022-02-16 02:38:35.797679+01
548,0,0,102,3,20,27,0,0,b0,2022-02-16 02:48:27.908535+01
549,0,0,102,3,20,27,0,0,b0,2022-02-16 02:51:55.816497+01
550,0,0,102,3,20,27,0,0,b0,2022-02-16 02:54:51.83576+01
551,0,0,103,3,20,27,0,0,b0,2022-02-16 02:56:27.824884+01
552,0,0,102,3,20,27,0,0,b0,2022-02-16 02:58:35.799586+01
553,0,0,102,3,20,27,0,0,b0,2022-02-16 03:01:47.838406+01
554,0,0,102,3,20,27,0,0,b0,2022-02-16 03:06:35.846306+01
555,0,0,103,3,20,27,0,0,b0,2022-02-16 03:08:59.863443+01
556,0,0,103,3,20,27,0,0,b0,2022-02-16 03:10:51.839947+01
557,0,0,102,3,20,27,0,0,b0,2022-02-16 03:14:51.836771+01
558,0,0,102,3,20,27,0,0,b0,2022-02-16 03:18:51.856481+01
559,0,0,102,3,20,27,0,0,b0,2022-02-16 03:26:35.869165+01
560,0,0,102,3,20,27,0,0,b0,2022-02-16 03:28:43.893409+01
561,0,0,102,3,20,27,0,0,b0,2022-02-16 03:29:47.885741+01
562,0,0,102,3,20,27,0,0,b0,2022-02-16 03:44:27.942329+01
563,0,0,102,3,20,27,0,0,b0,2022-02-16 03:47:23.934583+01
564,0,0,102,3,20,27,0,0,b0,2022-02-16 03:47:56.01968+01
565,0,0,102,3,20,27,0,0,b0,2022-02-16 03:49:00.038468+01
566,0,0,102,3,20,27,0,0,b0,2022-02-16 03:53:15.973121+01
567,0,0,102,3,20,27,0,0,b0,2022-02-16 03:55:07.979659+01
568,0,0,102,3,20,27,0,0,b0,2022-02-16 03:59:23.986923+01
569,0,0,102,3,20,27,0,0,b0,2022-02-16 04:01:47.940099+01
570,0,0,102,3,20,27,0,0,b0,2022-02-16 04:12:27.998958+01
571,0,0,102,3,20,27,0,0,b0,2022-02-16 04:22:36.03739+01
572,0,0,102,3,20,27,0,0,b0,2022-02-16 04:23:56.030656+01
573,0,0,102,3,20,27,0,0,b0,2022-02-16 04:27:40.047784+01
574,0,0,102,3,20,27,0,0,b0,2022-02-16 04:28:12.04022+01
575,0,0,102,3,20,27,0,0,b0,2022-02-16 04:32:12.043578+01
576,0,0,102,3,20,27,0,0,b0,2022-02-16 04:36:28.054998+01
577,0,0,102,3,20,27,0,0,b0,2022-02-16 04:37:00.016074+01
578,0,0,102,3,20,27,0,0,b0,2022-02-16 04:41:32.072366+01
579,0,0,102,3,20,27,0,0,b0,2022-02-16 04:51:56.2035+01
580,0,0,102,3,20,27,0,0,b0,2022-02-16 04:52:44.099075+01
581,0,0,102,3,20,27,0,0,b0,2022-02-16 05:02:52.110692+01
582,0,0,102,3,20,27,0,0,b0,2022-02-16 05:03:08.132512+01
583,0,0,103,3,20,27,0,0,b0,2022-02-16 05:15:24.152865+01
584,0,0,102,3,20,27,0,0,b0,2022-02-16 05:28:44.170583+01
585,0,0,102,3,20,27,0,0,b0,2022-02-16 05:29:16.262201+01
586,0,0,103,3,20,27,0,0,b0,2022-02-16 05:31:40.160699+01
587,0,0,103,3,20,27,0,0,b0,2022-02-16 05:40:44.200709+01
588,0,0,102,3,20,27,0,0,b0,2022-02-16 05:43:56.209546+01
589,0,0,102,3,20,27,0,0,b0,2022-02-16 05:45:00.212147+01
590,0,0,102,3,20,27,0,0,b0,2022-02-16 05:50:36.231412+01
591,0,0,102,3,20,28,0,0,b0,2022-02-16 05:51:56.333706+01
592,0,0,102,3,20,27,0,0,b0,2022-02-16 05:52:44.190002+01
593,0,0,102,3,20,28,0,0,b0,2022-02-16 05:59:24.253842+01
594,0,0,102,3,20,28,0,0,b0,2022-02-16 05:59:40.197979+01
595,0,0,102,3,20,28,0,0,b0,2022-02-16 06:00:12.20165+01
596,0,0,102,3,20,28,0,0,b0,2022-02-16 06:02:04.256791+01
597,0,0,103,3,20,28,0,0,b0,2022-02-16 06:07:40.264934+01
598,0,0,102,3,20,28,0,0,b0,2022-02-16 06:09:48.253322+01
599,0,0,102,3,20,28,0,0,b0,2022-02-16 06:12:28.3395+01
600,0,0,102,3,20,28,0,0,b0,2022-02-16 06:14:52.431122+01
601,0,0,102,3,20,28,0,0,b0,2022-02-16 06:18:20.288023+01
602,0,0,102,3,20,28,0,0,b0,2022-02-16 06:22:20.248789+01
603,0,0,102,3,20,28,0,0,b0,2022-02-16 06:22:52.255757+01
604,0,0,102,3,20,27,0,0,b0,2022-02-16 06:33:00.316362+01
605,0,0,102,3,20,27,0,0,b0,2022-02-16 06:35:40.321908+01
606,0,0,102,3,20,27,0,0,b0,2022-02-16 06:36:12.313965+01
607,0,0,102,3,20,27,0,0,b0,2022-02-16 06:38:20.433043+01
608,0,0,102,3,20,27,0,0,b0,2022-02-16 06:38:36.428193+01
609,0,0,102,3,20,27,0,0,b0,2022-02-16 06:39:08.299954+01
610,0,0,102,3,20,27,0,0,b0,2022-02-16 06:41:16.344342+01
611,0,0,102,3,20,27,0,0,b0,2022-02-16 06:42:20.435867+01
612,0,0,102,3,20,27,0,0,b0,2022-02-16 06:44:28.338086+01
613,0,0,102,3,20,27,0,0,b0,2022-02-16 06:48:44.459573+01
614,0,0,102,3,20,27,0,0,b0,2022-02-16 06:50:52.463808+01
615,0,0,102,3,20,27,0,0,b0,2022-02-16 06:51:24.368113+01
616,0,0,102,3,20,27,0,0,b0,2022-02-16 07:00:44.48617+01
617,0,0,102,3,20,27,0,0,b0,2022-02-16 07:04:44.394475+01
618,0,0,102,3,20,27,0,0,b0,2022-02-16 07:07:24.355654+01
619,0,0,102,3,20,27,0,0,b0,2022-02-16 07:08:28.487257+01
620,0,0,102,3,20,27,0,0,b0,2022-02-16 07:14:52.41214+01
621,0,0,102,3,20,27,0,0,b0,2022-02-16 07:18:20.428544+01
622,0,0,102,3,20,27,0,0,b0,2022-02-16 07:19:56.474129+01
623,0,0,102,3,20,28,0,0,b0,2022-02-16 07:20:12.421251+01
624,0,0,102,3,20,28,0,0,b0,2022-02-16 07:23:56.436493+01
625,0,0,102,3,20,28,0,0,b0,2022-02-16 07:27:08.436164+01
626,0,0,102,3,20,28,34,6,b0,2022-02-16 07:28:28.493924+01
627,0,0,102,3,20,28,3,5,b0,2022-02-16 07:30:04.442107+01
628,0,0,102,3,20,28,17,6,b0,2022-02-16 07:30:36.541263+01
629,0,0,102,3,20,28,18,3,b0,2022-02-16 07:31:24.441606+01
630,0,0,102,3,20,28,0,0,b0,2022-02-16 07:43:56.428284+01
631,0,0,102,3,20,28,0,0,b0,2022-02-16 07:44:28.576847+01
632,0,0,102,3,20,28,0,0,b0,2022-02-16 07:46:36.442801+01
633,0,0,102,3,20,28,1,0,b0,2022-02-16 07:51:56.492694+01
634,0,0,102,3,20,28,1,0,b0,2022-02-16 08:02:36.4756+01
635,0,0,102,3,20,28,4,0,b0,2022-02-16 08:17:00.552266+01
636,0,0,102,3,20,28,4,0,b0,2022-02-16 08:18:52.524228+01
637,0,0,19,3,20,29,23,0,b0,2022-02-16 08:34:52.600962+01
638,0,3,71,3,20,29,23,0,b0,2022-02-16 08:40:28.596229+01
639,1,3,21,3,20,29,24,0,b0,2022-02-16 08:42:36.608998+01
640,0,3,26,3,20,30,26,0,b0,2022-02-16 08:51:56.6205+01
641,1,3,233,3,21,30,25,0,b0,2022-02-16 08:55:56.628576+01
642,0,0,87,3,21,30,21,0,b4,2022-02-16 09:01:00.624104+01
643,11,17,29,3,21,30,23,0,b0,2022-02-16 09:07:24.640874+01
644,16,20,33,3,21,30,22,0,b0,2022-02-16 09:12:12.951795+01
645,20,23,35,3,21,30,22,0,b0,2022-02-16 09:21:32.673952+01
646,17,20,24,3,21,30,23,0,b0,2022-02-16 09:24:12.674264+01
647,19,23,18,3,21,30,25,0,b0,2022-02-16 09:26:20.67771+01
648,13,17,32,3,21,30,26,0,b0,2022-02-16 09:31:08.6875+01
649,0,0,28,9,21,30,68,0,b4,2022-02-16 09:43:56.737455+01
650,0,0,41,60,21,31,81,0,b4,2022-02-16 09:46:20.751544+01
651,0,0,42,90,21,30,87,0,b4,2022-02-16 09:47:40.828287+01
652,0,0,26,144,21,30,82,0,b4,2022-02-16 09:50:04.747196+01
653,0,0,23,210,21,30,64,0,b4,2022-02-16 09:59:24.775454+01
654,0,0,10,213,21,30,65,0,b4,2022-02-16 10:01:00.723094+01
655,0,0,27,216,21,30,66,0,b4,2022-02-16 10:05:00.737446+01
656,0,0,26,216,21,30,50,0,b4,2022-02-16 10:07:08.77812+01
657,0,0,26,216,21,30,46,0,b4,2022-02-16 10:07:56.738983+01
658,0,0,26,216,21,30,43,0,b4,2022-02-16 10:09:16.742635+01
659,0,0,64,6,21,31,56,0,b0,2022-02-16 10:30:20.826689+01
660,0,0,65,21,21,31,55,0,b0,2022-02-16 10:30:36.826402+01
661,0,0,66,141,21,31,52,0,b0,2022-02-16 10:34:20.838848+01
662,0,0,66,195,21,30,70,0,b0,2022-02-16 10:39:08.838422+01
663,0,0,65,237,21,30,48,0,b0,2022-02-16 10:47:08.84457+01
664,0,0,65,240,21,30,48,0,b0,2022-02-16 10:47:24.832827+01
665,0,0,65,243,21,30,53,0,b0,2022-02-16 10:49:48.980137+01
666,0,0,71,249,21,30,129,1,b0,2022-02-16 11:17:32.940162+01
667,0,0,71,249,21,30,112,6,b0,2022-02-16 11:21:32.927524+01
668,0,0,71,249,21,30,101,8,b0,2022-02-16 11:26:20.963589+01
669,0,0,71,249,21,30,92,0,b0,2022-02-16 11:30:36.963587+01
670,0,0,71,249,21,30,97,0,b0,2022-02-16 11:32:28.976418+01
671,0,0,27,255,21,31,58,0,b4,2022-02-16 11:50:21.012288+01
672,0,0,27,255,21,31,60,0,b4,2022-02-16 11:51:09.006927+01
673,0,0,27,255,21,31,66,0,b4,2022-02-16 12:00:29.026714+01
674,0,0,28,255,21,31,63,0,b4,2022-02-16 12:05:17.042473+01
675,0,0,27,255,21,31,61,0,b4,2022-02-16 12:05:33.14593+01
676,0,0,27,255,21,31,45,0,b4,2022-02-16 12:10:21.059788+01
677,0,0,27,255,21,31,58,0,b4,2022-02-16 12:13:17.159692+01
678,0,0,28,255,21,31,67,0,b4,2022-02-16 12:15:09.063799+01
679,0,0,28,255,21,32,66,0,b4,2022-02-16 12:17:17.181194+01
680,0,0,27,255,21,31,64,0,b4,2022-02-16 12:18:05.071073+01
681,0,0,36,255,21,31,53,0,b4,2022-02-16 12:26:53.10887+01
682,0,0,36,255,21,31,56,0,b4,2022-02-16 12:33:17.066286+01
683,0,0,36,255,21,31,44,0,b4,2022-02-16 12:40:29.220382+01
684,0,0,36,255,21,31,45,0,b4,2022-02-16 12:45:33.081787+01
685,0,0,36,255,21,31,50,0,b4,2022-02-16 12:49:49.139836+01
686,0,0,38,72,21,32,79,0,b4,2022-02-16 12:57:33.152877+01
687,0,0,42,120,21,31,78,0,b4,2022-02-16 13:05:01.170394+01
688,0,0,42,120,21,31,72,0,b4,2022-02-16 13:10:21.182232+01
689,0,0,41,120,21,31,76,0,b4,2022-02-16 13:11:57.18312+01
690,0,0,24,207,85,1e,52,0,b0,2022-02-16 15:04:14.014793+01
691,0,0,24,207,85,1e,52,0,b0,2022-02-16 15:07:25.436454+01
692,0,0,24,207,85,1e,52,0,b0,2022-02-16 15:13:49.446786+01
693,0,0,24,207,85,1e,52,0,b0,2022-02-16 15:17:01.456155+01
694,0,0,24,207,85,1e,52,0,b0,2022-02-16 15:19:25.468269+01
695,0,0,24,207,85,1e,52,0,b0,2022-02-16 15:26:53.471789+01
696,0,0,24,207,85,1e,52,0,b0,2022-02-16 15:27:25.436046+01
697,0,0,24,207,85,1e,52,0,b0,2022-02-16 15:27:41.472149+01
698,0,0,24,207,85,1e,52,0,b0,2022-02-16 15:35:25.598148+01
699,0,0,24,207,85,1e,52,0,b0,2022-02-16 15:39:25.505597+01
700,0,0,24,207,85,1e,52,0,b0,2022-02-16 15:41:33.511064+01
701,0,0,24,207,85,1e,52,0,b0,2022-02-16 15:43:09.5118+01
702,0,0,24,207,85,1e,52,0,b0,2022-02-16 15:44:45.513659+01
703,0,0,24,207,85,1e,52,0,b0,2022-02-16 15:53:17.538644+01
704,0,0,24,207,85,1e,52,0,b0,2022-02-16 15:53:49.543836+01
705,0,0,24,207,85,1e,52,0,b0,2022-02-16 16:09:33.571068+01
706,0,0,24,207,85,1e,52,0,b0,2022-02-16 16:11:09.535273+01
707,0,0,24,207,85,1e,52,0,b0,2022-02-16 16:30:37.619096+01
708,0,0,24,207,85,1e,52,0,b0,2022-02-16 16:35:09.629093+01
709,0,0,24,207,85,1e,52,0,b0,2022-02-16 16:35:41.624606+01
710,0,0,24,207,85,1e,52,0,b0,2022-02-16 16:38:05.644618+01
711,0,0,24,207,85,1e,52,0,b0,2022-02-16 16:40:45.751415+01
712,0,0,24,207,85,1e,52,0,b0,2022-02-16 16:42:53.64164+01
713,0,0,24,207,85,1e,52,0,b0,2022-02-16 16:53:49.660909+01
714,0,0,24,207,85,1e,52,0,b0,2022-02-16 16:57:17.671424+01
715,0,0,24,207,85,1e,52,0,b0,2022-02-16 17:02:05.677849+01
716,0,0,24,207,85,1e,52,0,b0,2022-02-16 17:03:57.679624+01
717,0,0,24,207,85,1e,52,0,b0,2022-02-16 17:07:57.697128+01
718,0,0,24,207,85,1e,52,0,b0,2022-02-16 17:09:17.700387+01
719,0,0,24,207,85,1e,52,0,b0,2022-02-16 17:13:17.704797+01
720,0,0,24,207,85,1e,52,0,b0,2022-02-16 17:16:13.712832+01
721,0,0,24,207,85,1e,52,0,b0,2022-02-16 17:21:49.730537+01
722,0,0,24,207,85,1e,52,0,b0,2022-02-16 17:34:53.760226+01
723,0,0,24,207,85,1e,52,0,b0,2022-02-16 17:37:17.835468+01
724,0,0,24,207,85,1e,52,0,b0,2022-02-16 17:43:25.772842+01
725,0,0,24,207,85,1e,52,0,b0,2022-02-16 17:46:37.777251+01
726,0,0,24,207,85,1e,52,0,b0,2022-02-16 17:52:29.802638+01
727,0,0,24,207,85,1e,52,0,b0,2022-02-16 17:58:21.810191+01
728,0,0,24,207,85,1e,52,0,b0,2022-02-16 18:01:01.808521+01
729,0,0,24,207,85,1e,52,0,b0,2022-02-16 18:02:05.811738+01
730,0,0,24,207,85,1e,52,0,b0,2022-02-16 18:10:37.833398+01
731,0,0,24,207,85,1e,52,0,b0,2022-02-16 18:15:41.831768+01
732,0,0,24,207,85,1e,52,0,b0,2022-02-16 18:22:21.834888+01
733,0,0,24,207,85,1e,52,0,b0,2022-02-16 18:22:53.841862+01
734,0,0,24,207,85,1e,52,0,b0,2022-02-16 18:24:13.838845+01
735,0,0,24,207,85,1e,52,0,b0,2022-02-16 18:28:29.85087+01
736,0,0,24,207,85,1e,52,0,b0,2022-02-16 18:31:25.829307+01
737,0,0,24,207,85,1e,52,0,b0,2022-02-16 18:31:57.834285+01
738,0,0,24,207,85,1e,52,0,b0,2022-02-16 18:33:33.849382+01
739,0,0,24,207,85,1e,52,0,b0,2022-02-16 18:39:41.864615+01
740,0,0,24,207,85,1e,52,0,b0,2022-02-16 18:40:29.849017+01
741,0,0,24,207,85,1e,52,0,b0,2022-02-16 18:42:05.991273+01
742,0,0,24,207,85,1e,52,0,b0,2022-02-16 18:42:21.875064+01
743,0,0,24,207,85,1e,52,0,b0,2022-02-16 18:48:13.892791+01
744,0,0,24,207,85,1e,52,0,b0,2022-02-16 18:50:06.020814+01
745,0,0,24,207,85,1e,52,0,b0,2022-02-16 18:57:49.928668+01
746,0,0,24,207,85,1e,52,0,b0,2022-02-16 19:00:13.935282+01
747,0,0,24,207,85,1e,52,0,b0,2022-02-16 19:02:05.922458+01
748,0,0,24,207,85,1e,52,0,b0,2022-02-16 19:06:37.954581+01
749,0,0,24,207,85,1e,52,0,b0,2022-02-16 19:06:54.050178+01
750,0,0,24,207,85,1e,52,0,b0,2022-02-16 19:18:05.97639+01
751,0,0,24,207,85,1e,52,0,b0,2022-02-16 19:33:18.017023+01
752,0,0,24,207,85,1e,52,0,b0,2022-02-16 19:47:26.043958+01
753,0,0,24,207,85,1e,52,0,b0,2022-02-16 19:48:14.042327+01
754,0,0,24,207,85,1e,52,0,b0,2022-02-16 19:55:42.166743+01
755,0,0,24,207,85,1e,52,0,b0,2022-02-16 19:57:02.053411+01
756,0,0,24,207,85,1e,52,0,b0,2022-02-16 20:01:34.078078+01
757,0,0,24,207,85,1e,52,0,b0,2022-02-16 20:08:14.096385+01
758,0,0,24,207,85,1e,52,0,b0,2022-02-16 20:17:50.103773+01
759,0,0,24,207,85,1e,52,0,b0,2022-02-16 20:19:26.102328+01
760,0,0,24,207,85,1e,52,0,b0,2022-02-16 20:23:58.120602+01
761,0,0,24,207,85,1e,52,0,b0,2022-02-16 20:25:34.11807+01
762,0,0,24,207,85,1e,52,0,b0,2022-02-16 20:26:38.129569+01
763,0,0,24,207,85,1e,52,0,b0,2022-02-16 20:26:54.08549+01
764,0,0,24,207,85,1e,52,0,b0,2022-02-16 20:27:10.228795+01
765,0,0,24,207,85,1e,52,0,b0,2022-02-16 20:28:30.126381+01
766,0,0,24,207,85,1e,52,0,b0,2022-02-16 20:31:26.13144+01
767,0,0,24,207,85,1e,52,0,b0,2022-02-16 20:33:18.24121+01
768,0,0,24,207,85,1e,52,0,b0,2022-02-16 20:34:38.140586+01
769,0,0,24,207,85,1e,52,0,b0,2022-02-16 20:37:02.158065+01
770,0,0,24,207,85,1e,52,0,b0,2022-02-16 20:37:34.147141+01
771,0,0,24,207,85,1e,52,0,b0,2022-02-16 20:44:30.16895+01
772,0,0,24,207,85,1e,52,0,b0,2022-02-16 20:47:26.169454+01
773,0,0,24,207,85,1e,52,0,b0,2022-02-16 20:51:58.18779+01
774,0,0,24,207,85,1e,52,0,b0,2022-02-16 20:53:50.188347+01
775,0,0,24,207,85,1e,52,0,b0,2022-02-16 20:54:38.189528+01
776,0,0,24,207,85,1e,52,0,b0,2022-02-16 20:58:54.205976+01
777,0,0,24,207,85,1e,52,0,b0,2022-02-16 21:02:06.197976+01
778,0,0,24,207,85,1e,52,0,b0,2022-02-16 21:02:38.204894+01
779,0,0,24,207,85,1e,52,0,b0,2022-02-16 21:04:30.217255+01
780,0,0,24,207,85,1e,52,0,b0,2022-02-16 21:08:30.200629+01
781,0,0,24,207,85,1e,52,0,b0,2022-02-16 21:10:06.217888+01
782,0,0,24,207,85,1e,52,0,b0,2022-02-16 21:10:54.236499+01
783,0,0,24,207,85,1e,52,0,b0,2022-02-16 21:11:10.231682+01
784,0,0,24,207,85,1e,52,0,b0,2022-02-16 21:17:50.340246+01
785,0,0,24,207,85,1e,52,0,b0,2022-02-16 21:20:14.248995+01
786,0,0,24,207,85,1e,52,0,b0,2022-02-16 21:21:34.255558+01
787,0,0,24,207,85,1e,52,0,b0,2022-02-16 21:29:18.267605+01
788,0,0,24,207,85,1e,52,0,b0,2022-02-16 21:33:18.369063+01
789,0,0,24,207,85,1e,52,0,b0,2022-02-16 21:43:42.396325+01
790,0,0,24,207,85,1e,52,0,b0,2022-02-16 21:52:14.4139+01
791,0,0,24,207,85,1e,52,0,b0,2022-02-16 21:53:02.275541+01
792,0,0,24,207,85,1e,52,0,b0,2022-02-16 21:55:42.319816+01
793,0,0,24,207,85,1e,52,0,b0,2022-02-16 21:56:14.277549+01
794,0,0,24,207,85,1e,52,0,b0,2022-02-16 21:57:34.303232+01
795,0,0,24,207,85,1e,52,0,b0,2022-02-16 22:02:38.340458+01
796,0,0,24,207,85,1e,52,0,b0,2022-02-16 22:14:38.360832+01
797,0,0,24,207,85,1e,52,0,b0,2022-02-16 22:14:54.362589+01
798,0,0,24,207,85,1e,52,0,b0,2022-02-16 22:16:30.37158+01
799,0,0,24,207,85,1e,52,0,b0,2022-02-16 22:18:22.363127+01
800,0,0,24,207,85,1e,52,0,b0,2022-02-16 22:23:10.381697+01
801,0,0,24,207,85,1e,52,0,b0,2022-02-16 22:25:50.38117+01
802,0,0,24,207,85,1e,52,0,b0,2022-02-16 22:28:14.387486+01
803,0,0,24,207,85,1e,52,0,b0,2022-02-16 22:31:10.399615+01
804,0,0,24,207,85,1e,52,0,b0,2022-02-16 22:34:38.366035+01
805,0,0,24,207,85,1e,52,0,b0,2022-02-16 22:40:46.41995+01
806,0,0,24,207,85,1e,52,0,b0,2022-02-16 22:54:54.451172+01
807,0,0,24,207,85,1e,52,0,b0,2022-02-16 22:58:22.455913+01
808,0,0,24,207,85,1e,52,0,b0,2022-02-16 23:03:58.480147+01
809,0,0,24,207,85,1e,52,0,b0,2022-02-16 23:09:34.480937+01
810,0,0,24,207,85,1e,52,0,b0,2022-02-16 23:11:42.608043+01
811,0,0,24,207,85,1e,52,0,b0,2022-02-16 23:17:02.612364+01
812,0,0,24,207,85,1e,52,0,b0,2022-02-16 23:21:02.497825+01
813,0,0,24,207,85,1e,52,0,b0,2022-02-16 23:22:06.510339+01
814,0,0,24,207,85,1e,52,0,b0,2022-02-16 23:25:34.509006+01
815,0,0,24,207,85,1e,52,0,b0,2022-02-16 23:28:30.519556+01
816,0,0,24,207,85,1e,52,0,b0,2022-02-16 23:34:06.5389+01
817,0,0,24,207,85,1e,52,0,b0,2022-02-16 23:36:46.536528+01
818,0,0,24,207,85,1e,52,0,b0,2022-02-16 23:39:42.543492+01
819,0,0,24,207,85,1e,52,0,b0,2022-02-16 23:42:54.547506+01
820,0,0,24,207,85,1e,52,0,b0,2022-02-16 23:43:58.558314+01
821,0,0,24,207,85,1e,52,0,b0,2022-02-16 23:45:18.639908+01
822,0,0,24,207,85,1e,52,0,b0,2022-02-16 23:45:50.649105+01
823,0,0,24,207,85,1e,52,0,b0,2022-02-16 23:46:22.564371+01
824,0,0,24,207,85,1e,52,0,b0,2022-02-16 23:47:58.565604+01
825,0,0,24,207,85,1e,52,0,b0,2022-02-16 23:53:02.658721+01
826,0,0,24,207,85,1e,52,0,b0,2022-02-16 23:56:46.592265+01
827,0,0,24,207,85,1e,52,0,b0,2022-02-16 23:57:50.667743+01
828,0,0,24,207,85,1e,52,0,b0,2022-02-17 00:00:52.206835+01
829,0,0,24,207,85,1e,52,0,b0,2022-02-17 00:13:50.618354+01
830,0,0,24,207,85,1e,52,0,b0,2022-02-17 00:14:06.619141+01
831,0,0,24,207,85,1e,52,0,b0,2022-02-17 00:14:22.623316+01
832,0,0,24,207,85,1e,52,0,b0,2022-02-17 00:20:14.630098+01
833,0,0,24,207,85,1e,52,0,b0,2022-02-17 00:21:34.627867+01
834,0,0,24,207,85,1e,52,0,b0,2022-02-17 00:23:42.63863+01
835,0,0,24,207,85,1e,52,0,b0,2022-02-17 00:24:46.628156+01
836,0,0,24,207,85,1e,52,0,b0,2022-02-17 00:32:46.636847+01
837,0,0,24,207,85,1e,52,0,b0,2022-02-17 00:34:22.645309+01
838,0,0,24,207,85,1e,52,0,b0,2022-02-17 00:34:54.649643+01
839,0,0,24,207,85,1e,52,0,b0,2022-02-17 00:36:46.636057+01
840,0,0,24,207,85,1e,52,0,b0,2022-02-17 00:44:46.646161+01
841,0,0,24,207,85,1e,52,0,b0,2022-02-17 00:45:02.667378+01
842,0,0,24,207,85,1e,52,0,b0,2022-02-17 00:52:30.70461+01
843,0,0,24,207,85,1e,52,0,b0,2022-02-17 00:54:06.710447+01
844,0,0,24,207,85,1e,52,0,b0,2022-02-17 00:54:54.676302+01
845,0,0,24,207,85,1e,52,0,b0,2022-02-17 01:02:22.829402+01
846,0,0,24,207,85,1e,52,0,b0,2022-02-17 01:05:50.825704+01
847,0,0,24,207,85,1e,52,0,b0,2022-02-17 01:10:38.741625+01
848,0,0,24,207,85,1e,52,0,b0,2022-02-17 01:12:46.74385+01
849,0,0,24,207,85,1e,52,0,b0,2022-02-17 01:18:38.763268+01
850,0,0,24,207,85,1e,52,0,b0,2022-02-17 01:20:46.770599+01
851,0,0,24,207,85,1e,52,0,b0,2022-02-17 01:21:50.726844+01
852,0,0,24,207,85,1e,52,0,b0,2022-02-17 01:27:10.86367+01
853,0,0,24,207,85,1e,52,0,b0,2022-02-17 01:28:14.788904+01
854,0,0,24,207,85,1e,52,0,b0,2022-02-17 01:28:30.785353+01
855,0,0,24,207,85,1e,52,0,b0,2022-02-17 01:31:10.790038+01
856,0,0,24,207,85,1e,52,0,b0,2022-02-17 01:31:58.868377+01
857,0,0,24,207,85,1e,52,0,b0,2022-02-17 01:34:22.805953+01
858,0,0,24,207,85,1e,52,0,b0,2022-02-17 01:37:50.806014+01
859,0,0,24,207,85,1e,52,0,b0,2022-02-17 01:42:06.813021+01
860,0,0,24,207,85,1e,52,0,b0,2022-02-17 01:43:10.812701+01
861,0,0,24,207,85,1e,52,0,b0,2022-02-17 01:46:22.815254+01
862,0,0,24,207,85,1e,52,0,b0,2022-02-17 01:49:02.824643+01
863,0,0,24,207,85,1e,52,0,b0,2022-02-17 01:49:50.825432+01
864,0,0,24,207,85,1e,52,0,b0,2022-02-17 01:52:14.828253+01
865,0,0,24,207,85,1e,52,0,b0,2022-02-17 01:59:42.832917+01
866,0,0,24,207,85,1e,52,0,b0,2022-02-17 02:01:18.828454+01
867,0,0,24,207,85,1e,52,0,b0,2022-02-17 02:10:06.841681+01
868,0,0,24,207,85,1e,52,0,b0,2022-02-17 02:10:38.839446+01
869,0,0,24,207,85,1e,52,0,b0,2022-02-17 02:18:54.864332+01
870,0,0,24,207,85,1e,52,0,b0,2022-02-17 02:21:18.863809+01
871,0,0,24,207,85,1e,52,0,b0,2022-02-17 02:21:34.854369+01
872,0,0,24,207,85,1e,52,0,b0,2022-02-17 02:27:26.887489+01
873,0,0,24,207,85,1e,52,0,b0,2022-02-17 02:28:14.888267+01
874,0,0,24,207,85,1e,52,0,b0,2022-02-17 02:30:38.88747+01
875,0,0,24,207,85,1e,52,0,b0,2022-02-17 02:37:51.029292+01
876,0,0,24,207,85,1e,52,0,b0,2022-02-17 02:50:54.962754+01
877,0,0,24,207,85,1e,52,0,b0,2022-02-17 02:55:42.975151+01
878,0,0,24,207,85,1e,52,0,b0,2022-02-17 02:55:58.978897+01
879,0,0,24,207,85,1e,52,0,b0,2022-02-17 02:57:18.971602+01
880,0,0,24,207,85,1e,52,0,b0,2022-02-17 02:59:43.086729+01
881,0,0,24,207,85,1e,52,0,b0,2022-02-17 03:00:14.977483+01
882,0,0,24,207,85,1e,52,0,b0,2022-02-17 03:00:30.985648+01
883,0,0,24,207,85,1e,52,0,b0,2022-02-17 03:05:50.999243+01
884,0,0,24,207,85,1e,52,0,b0,2022-02-17 03:08:47.007205+01
885,0,0,24,207,85,1e,52,0,b0,2022-02-17 03:09:03.00181+01
886,0,0,24,207,85,1e,52,0,b0,2022-02-17 03:11:27.006409+01
887,0,0,24,207,85,1e,52,0,b0,2022-02-17 03:15:11.01292+01
888,0,0,24,207,85,1e,52,0,b0,2022-02-17 03:16:46.976891+01
889,0,0,24,207,85,1e,52,0,b0,2022-02-17 03:17:35.019878+01
890,0,0,24,207,85,1e,52,0,b0,2022-02-17 03:23:27.03327+01
891,0,0,24,207,85,1e,52,0,b0,2022-02-17 03:33:03.039813+01
892,0,0,24,207,85,1e,52,0,b0,2022-02-17 03:38:07.075848+01
893,0,0,24,207,85,1e,52,0,b0,2022-02-17 03:38:23.076551+01
894,0,0,24,207,85,1e,52,0,b0,2022-02-17 03:39:11.078491+01
895,0,0,24,207,85,1e,52,0,b0,2022-02-17 03:44:15.241159+01
896,0,0,24,207,85,1e,52,0,b0,2022-02-17 03:46:07.183568+01
897,0,0,24,207,85,1e,52,0,b0,2022-02-17 03:47:43.085975+01
898,0,0,24,207,85,1e,52,0,b0,2022-02-17 03:55:59.103351+01
899,0,0,24,207,85,1e,52,0,b0,2022-02-17 04:00:15.111262+01
900,0,0,24,207,85,1e,52,0,b0,2022-02-17 04:00:47.112376+01
901,0,0,24,207,85,1e,52,0,b0,2022-02-17 04:04:15.122607+01
902,0,0,24,207,85,1e,52,0,b0,2022-02-17 04:04:31.117528+01
903,0,0,24,207,85,1e,52,0,b0,2022-02-17 04:09:19.139457+01
904,0,0,24,207,85,1e,52,0,b0,2022-02-17 04:13:03.139412+01
905,0,0,24,207,85,1e,52,0,b0,2022-02-17 04:13:51.138561+01
906,0,0,24,207,85,1e,52,0,b0,2022-02-17 04:15:43.137138+01
907,0,0,24,207,85,1e,52,0,b0,2022-02-17 04:18:07.14741+01
908,0,0,24,207,85,1e,52,0,b0,2022-02-17 04:20:15.156641+01
909,0,0,24,207,85,1e,52,0,b0,2022-02-17 04:20:47.262716+01
910,0,0,24,207,85,1e,52,0,b0,2022-02-17 04:25:19.172636+01
911,0,0,24,207,85,1e,52,0,b0,2022-02-17 04:32:47.292873+01
912,0,0,24,207,85,1e,52,0,b0,2022-02-17 04:33:19.186454+01
913,0,0,24,207,85,1e,52,0,b0,2022-02-17 04:36:31.191478+01
914,0,0,24,207,85,1e,52,0,b0,2022-02-17 04:41:51.219342+01
915,0,0,24,207,85,1e,52,0,b0,2022-02-17 04:43:11.201946+01
916,0,0,24,207,85,1e,52,0,b0,2022-02-17 04:45:35.218388+01
917,0,0,24,207,85,1e,52,0,b0,2022-02-17 04:46:39.324527+01
918,0,0,24,207,85,1e,52,0,b0,2022-02-17 04:50:23.223729+01
919,0,0,24,207,85,1e,52,0,b0,2022-02-17 04:54:39.242984+01
920,0,0,24,207,85,1e,52,0,b0,2022-02-17 04:56:47.232587+01
921,0,0,24,207,85,1e,52,0,b0,2022-02-17 05:02:23.26113+01
922,0,0,24,207,85,1e,52,0,b0,2022-02-17 05:05:03.251543+01
923,0,0,24,207,85,1e,52,0,b0,2022-02-17 05:12:31.279637+01
924,0,0,24,207,85,1e,52,0,b0,2022-02-17 05:13:51.387065+01
925,0,0,24,207,85,1e,52,0,b0,2022-02-17 05:17:03.281814+01
926,0,0,24,207,85,1e,52,0,b0,2022-02-17 05:17:19.281075+01
927,0,0,24,207,85,1e,52,0,b0,2022-02-17 05:17:51.388423+01
928,0,0,24,207,85,1e,52,0,b0,2022-02-17 05:18:23.392873+01
929,0,0,24,207,85,1e,52,0,b0,2022-02-17 05:18:39.289449+01
930,0,0,24,207,85,1e,52,0,b0,2022-02-17 05:21:35.403975+01
931,0,0,24,207,85,1e,52,0,b0,2022-02-17 05:25:51.302247+01
932,0,0,24,207,85,1e,52,0,b0,2022-02-17 05:26:39.265738+01
933,0,0,24,207,85,1e,52,0,b0,2022-02-17 05:30:39.314516+01
934,0,0,24,207,85,1e,52,0,b0,2022-02-17 05:35:59.32549+01
935,0,0,24,207,85,1e,52,0,b0,2022-02-17 05:47:11.456102+01
936,0,0,24,207,85,1e,52,0,b0,2022-02-17 05:49:19.352405+01
937,0,0,24,207,85,1e,52,0,b0,2022-02-17 05:54:39.363888+01
938,0,0,24,207,85,1e,52,0,b0,2022-02-17 05:56:31.366128+01
939,0,0,24,207,85,1e,52,0,b0,2022-02-17 05:57:03.366248+01
940,0,0,24,207,85,1e,52,0,b0,2022-02-17 06:04:15.390335+01
941,0,0,24,207,85,1e,52,0,b0,2022-02-17 06:04:31.389203+01
942,0,0,24,207,85,1e,52,0,b0,2022-02-17 06:08:31.537374+01
943,0,0,24,207,85,1e,52,0,b0,2022-02-17 06:09:51.505702+01
944,0,0,24,207,85,1e,52,0,b0,2022-02-17 06:10:07.39672+01
945,0,0,24,207,85,1e,52,0,b0,2022-02-17 06:14:39.401662+01
946,0,0,24,207,85,1e,52,0,b0,2022-02-17 06:16:15.407809+01
947,0,0,24,207,85,1e,52,0,b0,2022-02-17 06:23:27.424389+01
948,0,0,24,207,85,1e,52,0,b0,2022-02-17 06:25:03.426732+01
949,0,0,24,207,85,1e,52,0,b0,2022-02-17 06:26:39.538365+01
950,0,0,24,207,85,1e,52,0,b0,2022-02-17 06:36:47.461124+01
951,0,0,24,207,85,1e,52,0,b0,2022-02-17 06:37:03.456177+01
952,0,0,24,207,85,1e,52,0,b0,2022-02-17 06:39:27.559891+01
953,0,0,24,207,85,1e,52,0,b0,2022-02-17 06:42:07.471527+01
954,0,0,24,207,85,1e,52,0,b0,2022-02-17 06:45:35.478616+01
955,0,0,24,207,85,1e,52,0,b0,2022-02-17 06:46:55.478707+01
956,0,0,24,207,85,1e,52,0,b0,2022-02-17 06:49:19.485342+01
957,0,0,24,207,85,1e,52,0,b0,2022-02-17 06:54:07.49926+01
958,0,0,24,207,85,1e,52,0,b0,2022-02-17 06:55:43.504912+01
959,0,0,24,207,85,1e,52,0,b0,2022-02-17 06:55:59.506779+01
960,0,0,24,207,85,1e,52,0,b0,2022-02-17 06:56:47.501226+01
961,0,0,24,207,85,1e,52,0,b0,2022-02-17 07:14:55.541096+01
962,0,0,24,207,85,1e,52,0,b0,2022-02-17 07:21:03.551429+01
963,0,0,24,207,85,1e,52,0,b0,2022-02-17 07:24:15.567318+01
964,0,0,24,207,85,1e,52,0,b0,2022-02-17 07:29:51.567597+01
965,0,0,24,207,85,1e,52,0,b0,2022-02-17 07:30:55.58921+01
966,0,0,24,207,85,1e,52,0,b0,2022-02-17 07:31:43.572373+01
967,0,0,24,207,85,1e,52,0,b0,2022-02-17 07:35:27.582261+01
968,0,0,24,207,85,1e,52,0,b0,2022-02-17 07:35:43.589789+01
969,0,0,24,207,85,1e,52,0,b0,2022-02-17 07:40:31.596893+01
970,0,0,24,207,85,1e,52,0,b0,2022-02-17 07:45:03.605442+01
971,0,0,24,207,85,1e,52,0,b0,2022-02-17 07:50:23.732308+01
972,0,0,24,207,85,1e,52,0,b0,2022-02-17 07:51:59.61739+01
973,0,0,24,207,85,1e,52,0,b0,2022-02-17 07:55:59.638209+01
974,0,0,24,207,85,1e,52,0,b0,2022-02-17 07:56:47.630624+01
975,0,0,24,207,85,1e,52,0,b0,2022-02-17 07:59:43.64853+01
976,0,0,24,207,85,1e,52,0,b0,2022-02-17 08:00:47.642301+01
977,0,0,24,207,85,1e,52,0,b0,2022-02-17 08:03:27.63872+01
978,0,0,24,207,85,1e,52,0,b0,2022-02-17 08:03:43.65127+01
979,0,0,24,207,85,1e,52,0,b0,2022-02-17 08:05:03.662749+01
980,0,0,24,207,85,1e,52,0,b0,2022-02-17 08:06:23.647656+01
981,0,0,24,207,85,1e,52,0,b0,2022-02-17 08:18:23.686612+01
982,0,0,24,207,85,1e,52,0,b0,2022-02-17 08:21:35.681843+01
983,0,0,24,207,85,1e,52,0,b0,2022-02-17 08:22:07.686616+01
984,0,0,24,207,85,1e,52,0,b0,2022-02-17 08:27:43.694055+01
985,0,0,24,207,85,1e,52,0,b0,2022-02-17 08:28:31.814706+01
986,0,0,24,207,85,1e,52,0,b0,2022-02-17 08:30:39.789705+01
987,0,0,24,207,85,1e,52,0,b0,2022-02-17 08:32:15.711043+01
988,0,0,24,207,85,1e,52,0,b0,2022-02-17 08:37:35.72879+01
989,0,0,24,207,85,1e,52,0,b0,2022-02-17 08:39:27.726256+01
990,0,0,24,207,85,1e,52,0,b0,2022-02-17 08:45:51.741434+01
991,0,0,24,207,85,1e,52,0,b0,2022-02-17 08:48:47.74913+01
992,0,0,24,207,85,1e,52,0,b0,2022-02-17 08:52:47.763795+01
993,0,0,24,207,85,1e,52,0,b0,2022-02-17 08:58:23.769286+01
994,0,0,24,207,85,1e,52,0,b0,2022-02-17 08:58:55.771638+01
995,0,0,24,207,85,1e,52,0,b0,2022-02-17 09:00:31.8533+01
996,0,0,24,207,85,1e,52,0,b0,2022-02-17 09:02:55.777154+01
997,0,0,24,207,85,1e,52,0,b0,2022-02-17 09:05:35.799992+01
998,0,0,24,207,85,1e,52,0,b0,2022-02-17 09:07:11.796288+01
999,0,0,24,207,85,1e,52,0,b0,2022-02-17 09:17:51.815522+01
1000,0,0,24,207,85,1e,52,0,b0,2022-02-17 09:19:43.811565+01
1001,0,0,24,207,85,1e,52,0,b0,2022-02-17 09:29:51.938278+01
1002,0,0,24,207,85,1e,52,0,b0,2022-02-17 09:30:55.798303+01
1003,0,0,24,207,85,1e,52,0,b0,2022-02-17 09:32:32.31248+01
1004,0,0,24,207,85,1e,52,0,b0,2022-02-17 09:33:35.829069+01
1005,0,0,6,240,78,1b,113,2,b4,2022-02-17 09:41:36.180297+01
1006,0,0,4,240,21,26,107,0,b4,2022-02-17 09:49:20.347231+01
1007,0,0,4,240,21,26,108,1,b4,2022-02-17 09:50:07.86279+01
1008,44,46,85,240,21,26,53,2,b0,2022-02-17 10:04:31.889899+01
1009,45,46,82,240,21,26,76,0,b0,2022-02-17 10:07:27.907052+01
1010,22,26,134,252,21,26,34,5,b0,2022-02-17 10:14:56.045848+01
1011,22,26,132,252,21,25,257,3,b0,2022-02-17 10:17:51.940067+01
1012,27,30,124,258,21,25,45,4,b0,2022-02-17 10:28:48.6304+01
1013,24,26,128,33,21,26,259,4,b0,2022-02-17 10:37:03.989931+01
1014,23,30,135,45,21,26,211,0,b0,2022-02-17 10:37:35.981113+01
1015,0,0,135,87,21,44,202,1,b0,2022-02-17 10:43:28.001107+01
1016,0,0,135,87,21,28,204,2,b0,2022-02-17 10:45:52.108109+01
1017,0,0,135,87,21,59,129,3,b0,2022-02-17 10:58:24.033944+01
1018,0,0,135,87,21,28,205,1,b0,2022-02-17 11:09:20.055582+01
1019,0,0,135,87,21,27,127,3,b0,2022-02-17 11:16:00.073349+01
1020,0,0,135,87,21,27,123,1,b0,2022-02-17 11:16:48.070531+01
1021,0,0,135,87,21,27,101,1,b0,2022-02-17 11:36:16.113523+01
1022,0,0,76,87,21,26,100,0,b4,2022-02-17 11:37:04.224134+01
1023,0,0,27,87,21,27,99,0,b4,2022-02-17 11:45:36.237119+01
1024,0,0,92,15,21,26,174,2,b0,2022-02-17 12:28:48.223211+01
1025,0,0,92,15,21,27,173,0,b0,2022-02-17 12:33:20.228368+01
1026,0,0,92,18,21,26,165,3,b0,2022-02-17 12:56:00.28194+01
1027,0,0,92,18,21,26,164,2,b0,2022-02-17 12:56:48.302707+01
1028,0,0,92,18,21,27,162,3,b0,2022-02-17 12:57:52.29111+01
1029,0,0,91,18,21,27,162,1,b0,2022-02-17 13:00:32.398563+01
1030,0,0,92,18,21,27,156,0,b0,2022-02-17 13:10:56.277331+01
1031,0,0,92,18,21,27,150,0,b0,2022-02-17 13:18:40.43899+01
1032,0,0,92,18,21,26,138,1,b0,2022-02-17 13:43:28.403673+01
1033,0,0,92,18,21,27,138,2,b0,2022-02-17 13:44:16.49785+01
1034,0,0,92,18,21,26,137,0,b0,2022-02-17 13:58:24.427846+01
1035,0,0,92,21,21,27,140,1,b0,2022-02-17 14:05:04.443532+01
1036,0,0,92,21,21,26,140,2,b0,2022-02-17 14:06:40.440575+01
1037,0,0,92,21,21,26,122,3,b0,2022-02-17 14:44:00.522558+01
1038,6,7,64,192,20,25,67,2,b0,2022-02-18 10:35:39.500147+01
1039,6,7,61,192,21,25,62,0,b0,2022-02-18 10:36:26.63706+01
1040,7,7,148,192,21,25,69,0,b0,2022-02-18 10:36:42.610679+01
1041,6,7,154,192,21,25,69,1,b0,2022-02-18 10:36:58.596012+01
1042,7,10,166,195,21,24,72,2,b0,2022-02-18 10:47:06.623106+01
1043,9,10,181,195,21,24,70,2,b0,2022-02-18 10:48:10.622316+01
1044,7,10,155,195,21,24,49,2,b0,2022-02-18 10:48:42.619079+01
1045,5,7,174,195,21,24,53,3,b0,2022-02-18 11:02:02.630999+01
